courses,course_num,stat150,orientation  to  the  statistics  program  introduction  to  the  discipline  of  statistics  including  the  development  of  the  discipline  professional  ethics  data  visualization  and  the  role  of  statistics  in  the  scientific  enterprise      
courses,course_num,stat150,stat  150    introduction  to  the  discipline  of  statistics
courses,course_num,stat150,stat    introduction  to  the  discipline  of  statistics  150
courses,course_num,stat150,stat  150
courses,course_num,stat150,stat    introduction  to  the  discipline  of  statistics
courses,course_num,stat150,stat150    introduction  to  the  discipline  of  statistics
courses,course_num,stat150,stat  introduction  to  the  discipline  of  statistics  150
courses,course_num,stat150,stat150
courses,course_num,stat150,stat  introduction  to  the  discipline  of  statistics
courses,course_num,stat150,150    introduction  to  the  discipline  of  statistics
courses,course_num,stat150,  introduction  to  the  discipline  of  statistics  150
courses,course_num,stat150,150
courses,course_num,stat150,  introduction  to  the  discipline  of  statistics
courses,course_num,stat200,individual  investigation  research  studies  or  surveys  of  selected  problems    
courses,course_num,stat200,stat  200    special  problems  for  undergraduates
courses,course_num,stat200,stat    special  problems  for  undergraduates  200
courses,course_num,stat200,stat  200
courses,course_num,stat200,stat    special  problems  for  undergraduates
courses,course_num,stat200,stat200    special  problems  for  undergraduates
courses,course_num,stat200,stat  special  problems  for  undergraduates  200
courses,course_num,stat200,stat200
courses,course_num,stat200,stat  special  problems  for  undergraduates
courses,course_num,stat200,200    special  problems  for  undergraduates
courses,course_num,stat200,  special  problems  for  undergraduates  200
courses,course_num,stat200,200
courses,course_num,stat200,  special  problems  for  undergraduates
courses,course_num,stat217,sampling  and  experimentation  descriptive  statistics  confidence  intervals  two-sample  hypothesis  tests  for  means  and  proportions  chi-square  tests  linear  and  multiple  regression  analysis  of  variance    substantial  use  of  statistical  software    
courses,course_num,stat217,stat  217    introduction  to  statistical  concepts  and  methods
courses,course_num,stat217,stat    introduction  to  statistical  concepts  and  methods  217
courses,course_num,stat217,stat  217
courses,course_num,stat217,stat    introduction  to  statistical  concepts  and  methods
courses,course_num,stat217,stat217    introduction  to  statistical  concepts  and  methods
courses,course_num,stat217,stat  introduction  to  statistical  concepts  and  methods  217
courses,course_num,stat217,stat217
courses,course_num,stat217,stat  introduction  to  statistical  concepts  and  methods
courses,course_num,stat217,217    introduction  to  statistical  concepts  and  methods
courses,course_num,stat217,  introduction  to  statistical  concepts  and  methods  217
courses,course_num,stat217,217
courses,course_num,stat217,  introduction  to  statistical  concepts  and  methods
courses,course_num,stat218,data  collection  and  experimental  design  descriptive  statistics  confidence  intervals  parametric  and  non  parametric  one  and  two-sample  hypothesis  tests  analysis  of  variance  correlation  simple  linear  regression  chi-square  tests    applications  of  statistics  to  the  life  sciences    substantial  use  of  statistical  software    
courses,course_num,stat218,stat  218    applied  statistics  for  the  life  sciences
courses,course_num,stat218,stat    applied  statistics  for  the  life  sciences  218
courses,course_num,stat218,stat  218
courses,course_num,stat218,stat    applied  statistics  for  the  life  sciences
courses,course_num,stat218,stat218    applied  statistics  for  the  life  sciences
courses,course_num,stat218,stat  applied  statistics  for  the  life  sciences  218
courses,course_num,stat218,stat218
courses,course_num,stat218,stat  applied  statistics  for  the  life  sciences
courses,course_num,stat218,218    applied  statistics  for  the  life  sciences
courses,course_num,stat218,  applied  statistics  for  the  life  sciences  218
courses,course_num,stat218,218
courses,course_num,stat218,  applied  statistics  for  the  life  sciences
courses,course_num,stat251,descriptive  statistics    probability  and  counting  rules    random  variables  and  probability  distributions    sampling  distributions  and  point  estimation    confidence  intervals  and  tests  of  hypotheses  for  a  single  mean  and  proportion          
courses,course_num,stat251,stat  251    statistical  inference  for  management  i
courses,course_num,stat251,stat    statistical  inference  for  management  i  251
courses,course_num,stat251,stat  251
courses,course_num,stat251,stat    statistical  inference  for  management  i
courses,course_num,stat251,stat251    statistical  inference  for  management  i
courses,course_num,stat251,stat  statistical  inference  for  management  i  251
courses,course_num,stat251,stat251
courses,course_num,stat251,stat  statistical  inference  for  management  i
courses,course_num,stat251,251    statistical  inference  for  management  i
courses,course_num,stat251,  statistical  inference  for  management  i  251
courses,course_num,stat251,251
courses,course_num,stat251,  statistical  inference  for  management  i
courses,course_num,stat251,stat  251    statistical  inference  for  management  1
courses,course_num,stat251,stat    statistical  inference  for  management  1  251
courses,course_num,stat251,stat    statistical  inference  for  management  1
courses,course_num,stat251,stat251    statistical  inference  for  management  1
courses,course_num,stat251,stat  statistical  inference  for  management  1  251
courses,course_num,stat251,stat  statistical  inference  for  management  1
courses,course_num,stat251,251    statistical  inference  for  management  1
courses,course_num,stat251,  statistical  inference  for  management  1  251
courses,course_num,stat251,  statistical  inference  for  management  1
courses,course_num,stat252,confidence  intervals  and  tests  of  hypotheses  for  two  means  and  two  proportions    introduction  to  anova  regression  correlation  multiple  regression  time  series  and  forecasting    statistical  quality  control    enumerative  data  analysis    substantial  use  of  statistical  software    course  may  be  offered  in  classroom-based  or  online  format          
courses,course_num,stat252,stat  252    statistical  inference  for  management  ii
courses,course_num,stat252,stat    statistical  inference  for  management  ii  252
courses,course_num,stat252,stat  252
courses,course_num,stat252,stat    statistical  inference  for  management  ii
courses,course_num,stat252,stat252    statistical  inference  for  management  ii
courses,course_num,stat252,stat  statistical  inference  for  management  ii  252
courses,course_num,stat252,stat252
courses,course_num,stat252,stat  statistical  inference  for  management  ii
courses,course_num,stat252,252    statistical  inference  for  management  ii
courses,course_num,stat252,  statistical  inference  for  management  ii  252
courses,course_num,stat252,252
courses,course_num,stat252,  statistical  inference  for  management  ii
courses,course_num,stat252,stat  252    statistical  inference  for  management  2
courses,course_num,stat252,stat    statistical  inference  for  management  2  252
courses,course_num,stat252,stat    statistical  inference  for  management  2
courses,course_num,stat252,stat252    statistical  inference  for  management  2
courses,course_num,stat252,stat  statistical  inference  for  management  2  252
courses,course_num,stat252,stat  statistical  inference  for  management  2
courses,course_num,stat252,252    statistical  inference  for  management  2
courses,course_num,stat252,  statistical  inference  for  management  2  252
courses,course_num,stat252,  statistical  inference  for  management  2
courses,course_num,stat270,directed  group  study  of  selected  topics    the  class  schedule  will  list  topic  selected    
courses,course_num,stat270,stat  270    selected  topics
courses,course_num,stat270,stat    selected  topics  270
courses,course_num,stat270,stat  270
courses,course_num,stat270,stat    selected  topics
courses,course_num,stat270,stat270    selected  topics
courses,course_num,stat270,stat  selected  topics  270
courses,course_num,stat270,stat270
courses,course_num,stat270,stat  selected  topics
courses,course_num,stat270,270    selected  topics
courses,course_num,stat270,  selected  topics  270
courses,course_num,stat270,270
courses,course_num,stat270,  selected  topics
courses,course_num,stat301,introduction  to  statistics  for  mathematically  inclined  students  focused  on  process  of  statistical  investigations    observational  studies  controlled  experiments  randomization  confounding  randomization  tests  hypergeometric  distribution  descriptive  statistics  sampling  bias  binomial  distribution  significance  tests  confidence  intervals  normal  model  t-procedures  two-sample  procedures    substantial  use  of  statistical  software      
courses,course_num,stat301,stat  301    statistics  i
courses,course_num,stat301,stat    statistics  i  301
courses,course_num,stat301,stat  301
courses,course_num,stat301,stat    statistics  i
courses,course_num,stat301,stat301    statistics  i
courses,course_num,stat301,stat  statistics  i  301
courses,course_num,stat301,stat301
courses,course_num,stat301,stat  statistics  i
courses,course_num,stat301,301    statistics  i
courses,course_num,stat301,  statistics  i  301
courses,course_num,stat301,301
courses,course_num,stat301,  statistics  i
courses,course_num,stat301,stat  301    statistics  1
courses,course_num,stat301,stat    statistics  1  301
courses,course_num,stat301,stat    statistics  1
courses,course_num,stat301,stat301    statistics  1
courses,course_num,stat301,stat  statistics  1  301
courses,course_num,stat301,stat  statistics  1
courses,course_num,stat301,301    statistics  1
courses,course_num,stat301,  statistics  1  301
courses,course_num,stat301,  statistics  1
courses,course_num,stat302,continued  study  of  the  process  concepts  and  methods  of  statistical  investigations    association  chi-square  procedures  one-way  anova  multiple  comparisons  two-way  anova  with  interaction  simple  linear  regression  correlation  prediction  multiple  regression    substantial  use  of  statistical  software      
courses,course_num,stat302,stat  302    statistics  ii
courses,course_num,stat302,stat    statistics  ii  302
courses,course_num,stat302,stat  302
courses,course_num,stat302,stat    statistics  ii
courses,course_num,stat302,stat302    statistics  ii
courses,course_num,stat302,stat  statistics  ii  302
courses,course_num,stat302,stat302
courses,course_num,stat302,stat  statistics  ii
courses,course_num,stat302,302    statistics  ii
courses,course_num,stat302,  statistics  ii  302
courses,course_num,stat302,302
courses,course_num,stat302,  statistics  ii
courses,course_num,stat302,stat  302    statistics  2
courses,course_num,stat302,stat    statistics  2  302
courses,course_num,stat302,stat    statistics  2
courses,course_num,stat302,stat302    statistics  2
courses,course_num,stat302,stat  statistics  2  302
courses,course_num,stat302,stat  statistics  2
courses,course_num,stat302,302    statistics  2
courses,course_num,stat302,  statistics  2  302
courses,course_num,stat302,  statistics  2
courses,course_num,stat305,basic  probability  rules  counting  methods  conditional  probability    discrete  and  continuous  random  variables  expected  values  variance  and  covariance    properties  of  linear  combinations  of  random  variables  with  applications  to  statistical  estimators    simulation  analysis  of  random  phenomena  using  a  modern  computer  language    
courses,course_num,stat305,stat  305    introduction  to  probability  and  simulation
courses,course_num,stat305,stat    introduction  to  probability  and  simulation  305
courses,course_num,stat305,stat  305
courses,course_num,stat305,stat    introduction  to  probability  and  simulation
courses,course_num,stat305,stat305    introduction  to  probability  and  simulation
courses,course_num,stat305,stat  introduction  to  probability  and  simulation  305
courses,course_num,stat305,stat305
courses,course_num,stat305,stat  introduction  to  probability  and  simulation
courses,course_num,stat305,305    introduction  to  probability  and  simulation
courses,course_num,stat305,  introduction  to  probability  and  simulation  305
courses,course_num,stat305,305
courses,course_num,stat305,  introduction  to  probability  and  simulation
courses,course_num,stat312,descriptive  and  graphical  methods    discrete  and  continuous  probability  distributions    one  and  two  sample  confidence  intervals  and  hypothesis  testing    single  factor  analysis  of  variance    quality  control    introduction  to  regression  and  to  experimental  design    substantial  use  of  statistical  software          
courses,course_num,stat312,stat  312    statistical  methods  for  engineers
courses,course_num,stat312,stat    statistical  methods  for  engineers  312
courses,course_num,stat312,stat  312
courses,course_num,stat312,stat    statistical  methods  for  engineers
courses,course_num,stat312,stat312    statistical  methods  for  engineers
courses,course_num,stat312,stat  statistical  methods  for  engineers  312
courses,course_num,stat312,stat312
courses,course_num,stat312,stat  statistical  methods  for  engineers
courses,course_num,stat312,312    statistical  methods  for  engineers
courses,course_num,stat312,  statistical  methods  for  engineers  312
courses,course_num,stat312,312
courses,course_num,stat312,  statistical  methods  for  engineers
courses,course_num,stat313,analysis  of  variance  and  regression  analysis  for  students  not  majoring  in  statistics  or  mathematics    includes  one-way  classification  randomized  blocks  latin  squares  factorial  designs  multiple  regression  diagnostics  and  model  comparison          
courses,course_num,stat313,stat  313    applied  experimental  design  and  regression  models
courses,course_num,stat313,stat    applied  experimental  design  and  regression  models  313
courses,course_num,stat313,stat  313
courses,course_num,stat313,stat    applied  experimental  design  and  regression  models
courses,course_num,stat313,stat313    applied  experimental  design  and  regression  models
courses,course_num,stat313,stat  applied  experimental  design  and  regression  models  313
courses,course_num,stat313,stat313
courses,course_num,stat313,stat  applied  experimental  design  and  regression  models
courses,course_num,stat313,313    applied  experimental  design  and  regression  models
courses,course_num,stat313,  applied  experimental  design  and  regression  models  313
courses,course_num,stat313,313
courses,course_num,stat313,  applied  experimental  design  and  regression  models
courses,course_num,stat314,statistical  methods  for  sensory  analysis  and  food  product  development    discrimination  testing:    paired  duo-trio  triangle    two-way  anova  ^k  fractional  factorial  response  surface  mixture  designs    quality  and  process  control    
courses,course_num,stat314,stat  314    statistical  methods  for  food  science
courses,course_num,stat314,stat    statistical  methods  for  food  science  314
courses,course_num,stat314,stat  314
courses,course_num,stat314,stat    statistical  methods  for  food  science
courses,course_num,stat314,stat314    statistical  methods  for  food  science
courses,course_num,stat314,stat  statistical  methods  for  food  science  314
courses,course_num,stat314,stat314
courses,course_num,stat314,stat  statistical  methods  for  food  science
courses,course_num,stat314,314    statistical  methods  for  food  science
courses,course_num,stat314,  statistical  methods  for  food  science  314
courses,course_num,stat314,314
courses,course_num,stat314,  statistical  methods  for  food  science
courses,course_num,stat321,tabular  and  graphical  methods  for  data  summary  numerical  summary  measures  probability  concepts  and  properties  discrete  and  continuous  probability  distributions  expected  values  statistics  and  their  sampling  distributions  point  estimation  confidence  intervals  for  a  mean  and  proportion    use  of  statistical  software          
courses,course_num,stat321,stat  321    probability  and  statistics  for  engineers  and  scientists
courses,course_num,stat321,stat    probability  and  statistics  for  engineers  and  scientists  321
courses,course_num,stat321,stat  321
courses,course_num,stat321,stat    probability  and  statistics  for  engineers  and  scientists
courses,course_num,stat321,stat321    probability  and  statistics  for  engineers  and  scientists
courses,course_num,stat321,stat  probability  and  statistics  for  engineers  and  scientists  321
courses,course_num,stat321,stat321
courses,course_num,stat321,stat  probability  and  statistics  for  engineers  and  scientists
courses,course_num,stat321,321    probability  and  statistics  for  engineers  and  scientists
courses,course_num,stat321,  probability  and  statistics  for  engineers  and  scientists  321
courses,course_num,stat321,321
courses,course_num,stat321,  probability  and  statistics  for  engineers  and  scientists
courses,course_num,stat323,principles  construction  and  analysis  of  experimental  designs    completely  randomized  randomized  complete  block  latin  squares  graeco  latin  squares  factorial  and  nested  designs    fixed  and  random  effects  expected  mean  squares  multiple  comparisons  and  analysis  of  covariance      
courses,course_num,stat323,stat  323    design  and  analysis  of  experiments  i
courses,course_num,stat323,stat    design  and  analysis  of  experiments  i  323
courses,course_num,stat323,stat  323
courses,course_num,stat323,stat    design  and  analysis  of  experiments  i
courses,course_num,stat323,stat323    design  and  analysis  of  experiments  i
courses,course_num,stat323,stat  design  and  analysis  of  experiments  i  323
courses,course_num,stat323,stat323
courses,course_num,stat323,stat  design  and  analysis  of  experiments  i
courses,course_num,stat323,323    design  and  analysis  of  experiments  i
courses,course_num,stat323,  design  and  analysis  of  experiments  i  323
courses,course_num,stat323,323
courses,course_num,stat323,  design  and  analysis  of  experiments  i
courses,course_num,stat323,stat  323    design  and  analysis  of  experiments  1
courses,course_num,stat323,stat    design  and  analysis  of  experiments  1  323
courses,course_num,stat323,stat    design  and  analysis  of  experiments  1
courses,course_num,stat323,stat323    design  and  analysis  of  experiments  1
courses,course_num,stat323,stat  design  and  analysis  of  experiments  1  323
courses,course_num,stat323,stat  design  and  analysis  of  experiments  1
courses,course_num,stat323,323    design  and  analysis  of  experiments  1
courses,course_num,stat323,  design  and  analysis  of  experiments  1  323
courses,course_num,stat323,  design  and  analysis  of  experiments  1
courses,course_num,stat324,linear  regression  including  indicator  variables  influence  diagnostics  assumption  analysis  selection  of  'best  subset'  nonstandard  regression  models  logistic  regression  nonlinear  regression  models    
courses,course_num,stat324,stat  324    applied  regression  analysis
courses,course_num,stat324,stat    applied  regression  analysis  324
courses,course_num,stat324,stat  324
courses,course_num,stat324,stat    applied  regression  analysis
courses,course_num,stat324,stat324    applied  regression  analysis
courses,course_num,stat324,stat  applied  regression  analysis  324
courses,course_num,stat324,stat324
courses,course_num,stat324,stat  applied  regression  analysis
courses,course_num,stat324,324    applied  regression  analysis
courses,course_num,stat324,  applied  regression  analysis  324
courses,course_num,stat324,324
courses,course_num,stat324,  applied  regression  analysis
courses,course_num,stat330,data  acquisition  cleaning  and  management  using  sas;  reading  data  into  sas  from  various  sources  recoding  variables  subsetting  and  merging  data  exporting  results  in  other  formats    graphical  procedures  basic  descriptive  and  inferential  statistics    introduction  to  sas  macros      
courses,course_num,stat330,stat  330    statistical  computing  with  sas
courses,course_num,stat330,stat    statistical  computing  with  sas  330
courses,course_num,stat330,stat  330
courses,course_num,stat330,stat    statistical  computing  with  sas
courses,course_num,stat330,stat330    statistical  computing  with  sas
courses,course_num,stat330,stat  statistical  computing  with  sas  330
courses,course_num,stat330,stat330
courses,course_num,stat330,stat  statistical  computing  with  sas
courses,course_num,stat330,330    statistical  computing  with  sas
courses,course_num,stat330,  statistical  computing  with  sas  330
courses,course_num,stat330,330
courses,course_num,stat330,  statistical  computing  with  sas
courses,course_num,stat331,data  acquisition  cleaning  and  management  in  r;  use  of  regular  expressions;  functional  and  object-oriented  programming;  graphical  descriptive  and  inferential  statistical  methods;  random  number  generation;  monte  carlo  methods  including  resampling  randomization  and  simulation      
courses,course_num,stat331,stat  331    statistical  computing  with  r
courses,course_num,stat331,stat    statistical  computing  with  r  331
courses,course_num,stat331,stat  331
courses,course_num,stat331,stat    statistical  computing  with  r
courses,course_num,stat331,stat331    statistical  computing  with  r
courses,course_num,stat331,stat  statistical  computing  with  r  331
courses,course_num,stat331,stat331
courses,course_num,stat331,stat  statistical  computing  with  r
courses,course_num,stat331,331    statistical  computing  with  r
courses,course_num,stat331,  statistical  computing  with  r  331
courses,course_num,stat331,331
courses,course_num,stat331,  statistical  computing  with  r
courses,course_num,stat334,linear  models  in  algebraic  and  matrix  form  diagnostics  transformations  polynomial  models  categorical  predictors  model  selection  correlated  errors  logistic  regression    
courses,course_num,stat334,stat  334    applied  linear  models
courses,course_num,stat334,stat    applied  linear  models  334
courses,course_num,stat334,stat  334
courses,course_num,stat334,stat    applied  linear  models
courses,course_num,stat334,stat334    applied  linear  models
courses,course_num,stat334,stat  applied  linear  models  334
courses,course_num,stat334,stat334
courses,course_num,stat334,stat  applied  linear  models
courses,course_num,stat334,334    applied  linear  models
courses,course_num,stat334,  applied  linear  models  334
courses,course_num,stat334,334
courses,course_num,stat334,  applied  linear  models
courses,course_num,stat350,random  events  random  variables  and  random  processes  with  emphasis  on  probabilistic  treatment  of  signals  and  noise    specific  topics  include:    sample  spaces  probability  distributions  independence  moments  covariance  time/ensemble  averages  stationarity  common  processes  correlation  and  spectral  functions          
courses,course_num,stat350,stat  350    probability  and  random  processes  for  engineers
courses,course_num,stat350,stat    probability  and  random  processes  for  engineers  350
courses,course_num,stat350,stat  350
courses,course_num,stat350,stat    probability  and  random  processes  for  engineers
courses,course_num,stat350,stat350    probability  and  random  processes  for  engineers
courses,course_num,stat350,stat  probability  and  random  processes  for  engineers  350
courses,course_num,stat350,stat350
courses,course_num,stat350,stat  probability  and  random  processes  for  engineers
courses,course_num,stat350,350    probability  and  random  processes  for  engineers
courses,course_num,stat350,  probability  and  random  processes  for  engineers  350
courses,course_num,stat350,350
courses,course_num,stat350,  probability  and  random  processes  for  engineers
courses,course_num,stat365,written  communication  of  statistical  ideas  and  content    analyze  data  using  appropriate  methods  from  previous  statistics  courses    writing  technical  reports  with  appropriate  graphs  and  tables    strategies  to  discern  relevant  and  necessary  information  to  communicate  data  ideas  and  results  to  different  audiences      
courses,course_num,stat365,stat  365    statistical  communication
courses,course_num,stat365,stat    statistical  communication  365
courses,course_num,stat365,stat  365
courses,course_num,stat365,stat    statistical  communication
courses,course_num,stat365,stat365    statistical  communication
courses,course_num,stat365,stat  statistical  communication  365
courses,course_num,stat365,stat365
courses,course_num,stat365,stat  statistical  communication
courses,course_num,stat365,365    statistical  communication
courses,course_num,stat365,  statistical  communication  365
courses,course_num,stat365,365
courses,course_num,stat365,  statistical  communication
courses,course_num,stat400,individual  investigation  research  studies  or  surveys  of  selected  problems    
courses,course_num,stat400,stat  400    special  problems  for  advanced  undergraduates
courses,course_num,stat400,stat    special  problems  for  advanced  undergraduates  400
courses,course_num,stat400,stat  400
courses,course_num,stat400,stat    special  problems  for  advanced  undergraduates
courses,course_num,stat400,stat400    special  problems  for  advanced  undergraduates
courses,course_num,stat400,stat  special  problems  for  advanced  undergraduates  400
courses,course_num,stat400,stat400
courses,course_num,stat400,stat  special  problems  for  advanced  undergraduates
courses,course_num,stat400,400    special  problems  for  advanced  undergraduates
courses,course_num,stat400,  special  problems  for  advanced  undergraduates  400
courses,course_num,stat400,400
courses,course_num,stat400,  special  problems  for  advanced  undergraduates
courses,course_num,stat405,advanced  probability  models  their  simulation  and  application    poisson  processes  markov  chains  random  walks  and  continuous-time  markov  processes    monte  carlo  integration  and  simulation  methods  including  markov  chain  monte  carlo  and  gibbs  sampling      
courses,course_num,stat405,stat  405    applied  probability  models
courses,course_num,stat405,stat    applied  probability  models  405
courses,course_num,stat405,stat  405
courses,course_num,stat405,stat    applied  probability  models
courses,course_num,stat405,stat405    applied  probability  models
courses,course_num,stat405,stat  applied  probability  models  405
courses,course_num,stat405,stat405
courses,course_num,stat405,stat  applied  probability  models
courses,course_num,stat405,405    applied  probability  models
courses,course_num,stat405,  applied  probability  models  405
courses,course_num,stat405,405
courses,course_num,stat405,  applied  probability  models
courses,course_num,stat410,topics  related  to  content  pedagogy  technology  and  assessment  for  teaching  statistics  in  grades  -  in  accordance  with  current  standards  and  research  for  teaching  statistics  including  the  common  core  state  standards  for  mathematics      
courses,course_num,stat410,stat  410    statistics  education:  pedagogy  content  technology  and  assessment
courses,course_num,stat410,stat    statistics  education:  pedagogy  content  technology  and  assessment  410
courses,course_num,stat410,stat  410
courses,course_num,stat410,stat    statistics  education:  pedagogy  content  technology  and  assessment
courses,course_num,stat410,stat410    statistics  education:  pedagogy  content  technology  and  assessment
courses,course_num,stat410,stat  statistics  education:  pedagogy  content  technology  and  assessment  410
courses,course_num,stat410,stat410
courses,course_num,stat410,stat  statistics  education:  pedagogy  content  technology  and  assessment
courses,course_num,stat410,410    statistics  education:  pedagogy  content  technology  and  assessment
courses,course_num,stat410,  statistics  education:  pedagogy  content  technology  and  assessment  410
courses,course_num,stat410,410
courses,course_num,stat410,  statistics  education:  pedagogy  content  technology  and  assessment
courses,course_num,stat414,overview  of  multilevel  and  mixed  models  including  hierarchical  data  intraclass  correlation  fixed  vs    random  coefficients  variance  components  comparisons  to  traditional  analyses    use  of  statistical  software  for  implementation  of  methods      
courses,course_num,stat414,stat  414    multilevel  and  mixed  modeling
courses,course_num,stat414,stat    multilevel  and  mixed  modeling  414
courses,course_num,stat414,stat  414
courses,course_num,stat414,stat    multilevel  and  mixed  modeling
courses,course_num,stat414,stat414    multilevel  and  mixed  modeling
courses,course_num,stat414,stat  multilevel  and  mixed  modeling  414
courses,course_num,stat414,stat414
courses,course_num,stat414,stat  multilevel  and  mixed  modeling
courses,course_num,stat414,414    multilevel  and  mixed  modeling
courses,course_num,stat414,  multilevel  and  mixed  modeling  414
courses,course_num,stat414,414
courses,course_num,stat414,  multilevel  and  mixed  modeling
courses,course_num,stat415,bayes'  theorem  prior  and  posterior  distributions  likelihood  functions  markov  chain  monte  carlo  methods  hierarchical  modeling    bayesian  data  analysis  comparison  of  bayesian  and  classical  (frequentist)  approaches      
courses,course_num,stat415,stat  415    bayesian  reasoning  and  methods
courses,course_num,stat415,stat    bayesian  reasoning  and  methods  415
courses,course_num,stat415,stat  415
courses,course_num,stat415,stat    bayesian  reasoning  and  methods
courses,course_num,stat415,stat415    bayesian  reasoning  and  methods
courses,course_num,stat415,stat  bayesian  reasoning  and  methods  415
courses,course_num,stat415,stat415
courses,course_num,stat415,stat  bayesian  reasoning  and  methods
courses,course_num,stat415,415    bayesian  reasoning  and  methods
courses,course_num,stat415,  bayesian  reasoning  and  methods  415
courses,course_num,stat415,415
courses,course_num,stat415,  bayesian  reasoning  and  methods
courses,course_num,stat416,time  series  components  descriptive  smoothing  methods  regression  models  for  time  series  data  forecasting  via  exponential  smoothing  evaluation  of  forecasts  autocorrelation  arima  models  and  box-jenkins  methods  combining  forecasts  frequency  domain  analysis  filtering      
courses,course_num,stat416,stat  416    statistical  analysis  of  time  series
courses,course_num,stat416,stat    statistical  analysis  of  time  series  416
courses,course_num,stat416,stat  416
courses,course_num,stat416,stat    statistical  analysis  of  time  series
courses,course_num,stat416,stat416    statistical  analysis  of  time  series
courses,course_num,stat416,stat  statistical  analysis  of  time  series  416
courses,course_num,stat416,stat416
courses,course_num,stat416,stat  statistical  analysis  of  time  series
courses,course_num,stat416,416    statistical  analysis  of  time  series
courses,course_num,stat416,  statistical  analysis  of  time  series  416
courses,course_num,stat416,416
courses,course_num,stat416,  statistical  analysis  of  time  series
courses,course_num,stat417,parametric  and  nonparametric  methods  for  analyzing  survival  data    topics  include  kaplan-meier  and  nelson-aalen  estimates  cox  regression  models  accelerated  failure  time  models    use  of  statistical  software  to  implement  methods  throughout  course      
courses,course_num,stat417,stat  417    survival  analysis  methods
courses,course_num,stat417,stat    survival  analysis  methods  417
courses,course_num,stat417,stat  417
courses,course_num,stat417,stat    survival  analysis  methods
courses,course_num,stat417,stat417    survival  analysis  methods
courses,course_num,stat417,stat  survival  analysis  methods  417
courses,course_num,stat417,stat417
courses,course_num,stat417,stat  survival  analysis  methods
courses,course_num,stat417,417    survival  analysis  methods
courses,course_num,stat417,  survival  analysis  methods  417
courses,course_num,stat417,417
courses,course_num,stat417,  survival  analysis  methods
courses,course_num,stat418,discrete  multivariate  statistics  including  analysis  of  cross-classified  data  log-linear  models  for  multidimensional  contingency  tables  goodness  of  fit  statistics  measures  of  association  model  selection  and  hypothesis  testing      
courses,course_num,stat418,stat  418    categorical  data  analysis
courses,course_num,stat418,stat    categorical  data  analysis  418
courses,course_num,stat418,stat  418
courses,course_num,stat418,stat    categorical  data  analysis
courses,course_num,stat418,stat418    categorical  data  analysis
courses,course_num,stat418,stat  categorical  data  analysis  418
courses,course_num,stat418,stat418
courses,course_num,stat418,stat  categorical  data  analysis
courses,course_num,stat418,418    categorical  data  analysis
courses,course_num,stat418,  categorical  data  analysis  418
courses,course_num,stat418,418
courses,course_num,stat418,  categorical  data  analysis
courses,course_num,stat419,continuous  multivariate  statistics    multivariate  linear  model  principal  components  and  factor  analysis  discriminant  analysis  clustering  classification  and  canonical  correlation    use  of  statistical  software  throughout  the  course      
courses,course_num,stat419,stat  419    applied  multivariate  statistics
courses,course_num,stat419,stat    applied  multivariate  statistics  419
courses,course_num,stat419,stat  419
courses,course_num,stat419,stat    applied  multivariate  statistics
courses,course_num,stat419,stat419    applied  multivariate  statistics
courses,course_num,stat419,stat  applied  multivariate  statistics  419
courses,course_num,stat419,stat419
courses,course_num,stat419,stat  applied  multivariate  statistics
courses,course_num,stat419,419    applied  multivariate  statistics
courses,course_num,stat419,  applied  multivariate  statistics  419
courses,course_num,stat419,419
courses,course_num,stat419,  applied  multivariate  statistics
courses,course_num,stat421,survey  planning  execution  and  analysis    principles  of  survey  research  including  non-sampling  and  sampling  error  topics    survey  sample  designs  including  simple  random  systematic  stratified  cluster  and  multi-stage    estimation  procedures  and  sample  size  calculations      
courses,course_num,stat421,stat  421    survey  sampling  and  methodology
courses,course_num,stat421,stat    survey  sampling  and  methodology  421
courses,course_num,stat421,stat  421
courses,course_num,stat421,stat    survey  sampling  and  methodology
courses,course_num,stat421,stat421    survey  sampling  and  methodology
courses,course_num,stat421,stat  survey  sampling  and  methodology  421
courses,course_num,stat421,stat421
courses,course_num,stat421,stat  survey  sampling  and  methodology
courses,course_num,stat421,421    survey  sampling  and  methodology
courses,course_num,stat421,  survey  sampling  and  methodology  421
courses,course_num,stat421,421
courses,course_num,stat421,  survey  sampling  and  methodology
courses,course_num,stat423,continuation  of  'stat  '    k  factorial  designs  k  factorial  designs  balanced  and  partially  balanced  incomplete  block  designs  nested  designs  split-plot  designs  response  surface  methodology  confounding  repeated  measures  and  other  design  approaches      
courses,course_num,stat423,stat  423    design  and  analysis  of  experiments  ii
courses,course_num,stat423,stat    design  and  analysis  of  experiments  ii  423
courses,course_num,stat423,stat  423
courses,course_num,stat423,stat    design  and  analysis  of  experiments  ii
courses,course_num,stat423,stat423    design  and  analysis  of  experiments  ii
courses,course_num,stat423,stat  design  and  analysis  of  experiments  ii  423
courses,course_num,stat423,stat423
courses,course_num,stat423,stat  design  and  analysis  of  experiments  ii
courses,course_num,stat423,423    design  and  analysis  of  experiments  ii
courses,course_num,stat423,  design  and  analysis  of  experiments  ii  423
courses,course_num,stat423,423
courses,course_num,stat423,  design  and  analysis  of  experiments  ii
courses,course_num,stat423,stat  423    design  and  analysis  of  experiments  2
courses,course_num,stat423,stat    design  and  analysis  of  experiments  2  423
courses,course_num,stat423,stat    design  and  analysis  of  experiments  2
courses,course_num,stat423,stat423    design  and  analysis  of  experiments  2
courses,course_num,stat423,stat  design  and  analysis  of  experiments  2  423
courses,course_num,stat423,stat  design  and  analysis  of  experiments  2
courses,course_num,stat423,423    design  and  analysis  of  experiments  2
courses,course_num,stat423,  design  and  analysis  of  experiments  2  423
courses,course_num,stat423,  design  and  analysis  of  experiments  2
courses,course_num,stat425,rigorous  development  of  probability  theory    probability  axioms  combinatorial  methods  conditional  and  marginal  probability  independence  random  variables  univariate  and  multivariate  probability  distributions  conditional  distributions  transformations  order  statistics  expectation  and  variance    use  of  statistical  simulation  throughout  the  course      
courses,course_num,stat425,stat  425    probability  theory
courses,course_num,stat425,stat    probability  theory  425
courses,course_num,stat425,stat  425
courses,course_num,stat425,stat    probability  theory
courses,course_num,stat425,stat425    probability  theory
courses,course_num,stat425,stat  probability  theory  425
courses,course_num,stat425,stat425
courses,course_num,stat425,stat  probability  theory
courses,course_num,stat425,425    probability  theory
courses,course_num,stat425,  probability  theory  425
courses,course_num,stat425,425
courses,course_num,stat425,  probability  theory
courses,course_num,stat426,continuation  of  'stat  '    properties  of  statistics  obtained  from  samples    sample  mean  properties  convergence  in  probability  law  of  large  numbers  and  central  limit  theorem    selected  probability  distributions    theory  of  estimation    sampling  distribution  of  estimators      
courses,course_num,stat426,stat  426    estimation  and  sampling  theory
courses,course_num,stat426,stat    estimation  and  sampling  theory  426
courses,course_num,stat426,stat  426
courses,course_num,stat426,stat    estimation  and  sampling  theory
courses,course_num,stat426,stat426    estimation  and  sampling  theory
courses,course_num,stat426,stat  estimation  and  sampling  theory  426
courses,course_num,stat426,stat426
courses,course_num,stat426,stat  estimation  and  sampling  theory
courses,course_num,stat426,426    estimation  and  sampling  theory
courses,course_num,stat426,  estimation  and  sampling  theory  426
courses,course_num,stat426,426
courses,course_num,stat426,  estimation  and  sampling  theory
courses,course_num,stat427,continuation  of  'stat  '    the  theory  of  hypothesis  testing  and  its  applications    power  and  uniformly  most  powerful  tests    categorical  data  and  nonparametric  methods    other  selected  topics      
courses,course_num,stat427,stat  427    mathematical  statistics
courses,course_num,stat427,stat    mathematical  statistics  427
courses,course_num,stat427,stat  427
courses,course_num,stat427,stat    mathematical  statistics
courses,course_num,stat427,stat427    mathematical  statistics
courses,course_num,stat427,stat  mathematical  statistics  427
courses,course_num,stat427,stat427
courses,course_num,stat427,stat  mathematical  statistics
courses,course_num,stat427,427    mathematical  statistics
courses,course_num,stat427,  mathematical  statistics  427
courses,course_num,stat427,427
courses,course_num,stat427,  mathematical  statistics
courses,course_num,stat431,advanced  techniques  for  efficient  use  of  computers  to  perform  statistical  computations  and  to  analyze  large  amounts  of  data    includes  version  control  systems;  tools  supporting  reproducibility;  functional  programming;  randomization  and  bootstrapping;  dynamic  data  visualizations;  and  r  package  development      
courses,course_num,stat431,stat  431    advanced  statistical  computing  with  r
courses,course_num,stat431,stat    advanced  statistical  computing  with  r  431
courses,course_num,stat431,stat  431
courses,course_num,stat431,stat    advanced  statistical  computing  with  r
courses,course_num,stat431,stat431    advanced  statistical  computing  with  r
courses,course_num,stat431,stat  advanced  statistical  computing  with  r  431
courses,course_num,stat431,stat431
courses,course_num,stat431,stat  advanced  statistical  computing  with  r
courses,course_num,stat431,431    advanced  statistical  computing  with  r
courses,course_num,stat431,  advanced  statistical  computing  with  r  431
courses,course_num,stat431,431
courses,course_num,stat431,  advanced  statistical  computing  with  r
courses,course_num,stat434,modern  methods  in  predictive  modeling  and  classification    splines  smoothing  splines  ridge  regression  lasso  regression  and  classification  trees  generalized  additive  models  logistic  regression  and  linear  discriminant  analysis    model  assessment  and  selection  using  cross  validation  bootstrapping  aic  and  bic      
courses,course_num,stat434,stat  434    statistical  learning:  methods  and  applications
courses,course_num,stat434,stat    statistical  learning:  methods  and  applications  434
courses,course_num,stat434,stat  434
courses,course_num,stat434,stat    statistical  learning:  methods  and  applications
courses,course_num,stat434,stat434    statistical  learning:  methods  and  applications
courses,course_num,stat434,stat  statistical  learning:  methods  and  applications  434
courses,course_num,stat434,stat434
courses,course_num,stat434,stat  statistical  learning:  methods  and  applications
courses,course_num,stat434,434    statistical  learning:  methods  and  applications
courses,course_num,stat434,  statistical  learning:  methods  and  applications  434
courses,course_num,stat434,434
courses,course_num,stat434,  statistical  learning:  methods  and  applications
courses,course_num,stat440,programming  data  management  and  data  analysis  in  preparation  for  the  certified  base  programmer  exam  offered  by  the  sas  institute    topics  include  accessing  data  creating  data  structures  managing  data  generating  reports  and  handling  errors      
courses,course_num,stat440,stat  440    sas  certification  preparation
courses,course_num,stat440,stat    sas  certification  preparation  440
courses,course_num,stat440,stat  440
courses,course_num,stat440,stat    sas  certification  preparation
courses,course_num,stat440,stat440    sas  certification  preparation
courses,course_num,stat440,stat  sas  certification  preparation  440
courses,course_num,stat440,stat440
courses,course_num,stat440,stat  sas  certification  preparation
courses,course_num,stat440,440    sas  certification  preparation
courses,course_num,stat440,  sas  certification  preparation  440
courses,course_num,stat440,440
courses,course_num,stat440,  sas  certification  preparation
courses,course_num,stat441,programming  topics  in  preparation  for  the  certified  advanced  programmer  exam  offered  by  the  sas  institute    accessing  data  using  proc  sql  macro  processing  applications  for  indexes  data  look-up  techniques  including  array  processing  hash  objects  and  combining/merging      
courses,course_num,stat441,stat  441    sas  advanced  certification  preparation
courses,course_num,stat441,stat    sas  advanced  certification  preparation  441
courses,course_num,stat441,stat  441
courses,course_num,stat441,stat    sas  advanced  certification  preparation
courses,course_num,stat441,stat441    sas  advanced  certification  preparation
courses,course_num,stat441,stat  sas  advanced  certification  preparation  441
courses,course_num,stat441,stat441
courses,course_num,stat441,stat  sas  advanced  certification  preparation
courses,course_num,stat441,441    sas  advanced  certification  preparation
courses,course_num,stat441,  sas  advanced  certification  preparation  441
courses,course_num,stat441,441
courses,course_num,stat441,  sas  advanced  certification  preparation
courses,course_num,stat461,selection  and  completion  of  a  project  under  faculty  supervision  projects  typical  of  problems  which  graduates  must  solve  in  their  fields  of  employment  project  results  are  presented  in  a  formal  report  minimum    hours  total  time
courses,course_num,stat461,stat  461    senior  project  i
courses,course_num,stat461,stat    senior  project  i  461
courses,course_num,stat461,stat  461
courses,course_num,stat461,stat    senior  project  i
courses,course_num,stat461,stat461    senior  project  i
courses,course_num,stat461,stat  senior  project  i  461
courses,course_num,stat461,stat461
courses,course_num,stat461,stat  senior  project  i
courses,course_num,stat461,461    senior  project  i
courses,course_num,stat461,  senior  project  i  461
courses,course_num,stat461,461
courses,course_num,stat461,  senior  project  i
courses,course_num,stat461,stat  461    senior  project  1
courses,course_num,stat461,stat    senior  project  1  461
courses,course_num,stat461,stat    senior  project  1
courses,course_num,stat461,stat461    senior  project  1
courses,course_num,stat461,stat  senior  project  1  461
courses,course_num,stat461,stat  senior  project  1
courses,course_num,stat461,461    senior  project  1
courses,course_num,stat461,  senior  project  1  461
courses,course_num,stat461,  senior  project  1
courses,course_num,stat462,selection  and  completion  of  a  project  under  faculty  supervision    projects  typical  of  problems  which  graduates  must  solve  in  their  fields  of  employment    project  results  are  presented  in  a  formal  report    minimum    hours  total  time
courses,course_num,stat462,stat  462    senior  project  ii
courses,course_num,stat462,stat    senior  project  ii  462
courses,course_num,stat462,stat  462
courses,course_num,stat462,stat    senior  project  ii
courses,course_num,stat462,stat462    senior  project  ii
courses,course_num,stat462,stat  senior  project  ii  462
courses,course_num,stat462,stat462
courses,course_num,stat462,stat  senior  project  ii
courses,course_num,stat462,462    senior  project  ii
courses,course_num,stat462,  senior  project  ii  462
courses,course_num,stat462,462
courses,course_num,stat462,  senior  project  ii
courses,course_num,stat462,stat  462    senior  project  2
courses,course_num,stat462,stat    senior  project  2  462
courses,course_num,stat462,stat    senior  project  2
courses,course_num,stat462,stat462    senior  project  2
courses,course_num,stat462,stat  senior  project  2  462
courses,course_num,stat462,stat  senior  project  2
courses,course_num,stat462,462    senior  project  2
courses,course_num,stat462,  senior  project  2  462
courses,course_num,stat462,  senior  project  2
courses,course_num,stat465,blending  of  the  theoretical  and  practical  aspects  of  statistical  consulting    development  of  tools  necessary  to  conduct  effective  consulting  sessions  present  oral  arguments  and  written  reports  work  collaboratively  to  solve  problems  and  utilize  professional  publications  in  statistics      
courses,course_num,stat465,stat  465    statistical  consulting
courses,course_num,stat465,stat    statistical  consulting  465
courses,course_num,stat465,stat  465
courses,course_num,stat465,stat    statistical  consulting
courses,course_num,stat465,stat465    statistical  consulting
courses,course_num,stat465,stat  statistical  consulting  465
courses,course_num,stat465,stat465
courses,course_num,stat465,stat  statistical  consulting
courses,course_num,stat465,465    statistical  consulting
courses,course_num,stat465,  statistical  consulting  465
courses,course_num,stat465,465
courses,course_num,stat465,  statistical  consulting
courses,course_num,stat470,directed  group  study  of  selected  topics  for  advanced  students    open  to  undergraduate  and  graduate  students    the  class  schedule  will  list  topic  selected    
courses,course_num,stat470,stat  470    selected  advanced  topics
courses,course_num,stat470,stat    selected  advanced  topics  470
courses,course_num,stat470,stat  470
courses,course_num,stat470,stat    selected  advanced  topics
courses,course_num,stat470,stat470    selected  advanced  topics
courses,course_num,stat470,stat  selected  advanced  topics  470
courses,course_num,stat470,stat470
courses,course_num,stat470,stat  selected  advanced  topics
courses,course_num,stat470,470    selected  advanced  topics
courses,course_num,stat470,  selected  advanced  topics  470
courses,course_num,stat470,470
courses,course_num,stat470,  selected  advanced  topics
courses,course_num,stat485,part-time  work  experience  in  business  industry  government  and  other  areas  of  student  career  interest    positions  are  paid  and  usually  require  relocation  and  registration  in  course  for  two  consecutive  quarters    formal  report  and  evaluation  by  work  supervisor  required    major  credit  limited  to    units;  total  credit  limited  to    units    credit/no  credit  grading  only
courses,course_num,stat485,stat  485    cooperative  education  experience
courses,course_num,stat485,stat    cooperative  education  experience  485
courses,course_num,stat485,stat  485
courses,course_num,stat485,stat    cooperative  education  experience
courses,course_num,stat485,stat485    cooperative  education  experience
courses,course_num,stat485,stat  cooperative  education  experience  485
courses,course_num,stat485,stat485
courses,course_num,stat485,stat  cooperative  education  experience
courses,course_num,stat485,485    cooperative  education  experience
courses,course_num,stat485,  cooperative  education  experience  485
courses,course_num,stat485,485
courses,course_num,stat485,  cooperative  education  experience
courses,course_num,stat495,full-time  work  experience  in  business  industry  government  and  other  areas  of  student  career  interest    positions  are  paid  and  usually  require  relocation  and  registration  in  course  for  two  consecutive  quarters    formal  report  and  evaluation  by  work  supervisor  required    major  credit  limited  to    units;  total  credit  limited  to    units    credit/no  credit  grading  only
courses,course_num,stat495,stat  495    cooperative  education  experience
courses,course_num,stat495,stat    cooperative  education  experience  495
courses,course_num,stat495,stat  495
courses,course_num,stat495,stat    cooperative  education  experience
courses,course_num,stat495,stat495    cooperative  education  experience
courses,course_num,stat495,stat  cooperative  education  experience  495
courses,course_num,stat495,stat495
courses,course_num,stat495,stat  cooperative  education  experience
courses,course_num,stat495,495    cooperative  education  experience
courses,course_num,stat495,  cooperative  education  experience  495
courses,course_num,stat495,495
courses,course_num,stat495,  cooperative  education  experience
courses,course_num,stat511,statistical  methods  in  research  for  graduate  students  not  majoring  in  mathematical  sciences    probability  distributions  confidence  intervals  hypothesis  testing  contingency  tables  linear  regression  and  correlation  multiple  regression  analysis  of  variance    substantial  use  of  statistical  software      
courses,course_num,stat511,stat  511    statistical  methods
courses,course_num,stat511,stat    statistical  methods  511
courses,course_num,stat511,stat  511
courses,course_num,stat511,stat    statistical  methods
courses,course_num,stat511,stat511    statistical  methods
courses,course_num,stat511,stat  statistical  methods  511
courses,course_num,stat511,stat511
courses,course_num,stat511,stat  statistical  methods
courses,course_num,stat511,511    statistical  methods
courses,course_num,stat511,  statistical  methods  511
courses,course_num,stat511,511
courses,course_num,stat511,  statistical  methods
courses,course_num,stat511,graduate  stat  511    statistical  methods
courses,course_num,stat511,grad  stat    statistical  methods  511
courses,course_num,stat511,grad  level  stat  511
courses,course_num,stat511,graduate  level  stat    statistical  methods
courses,course_num,stat511,masters  level  stat  511    statistical  methods
courses,course_num,stat511,stat  statistical  methods  511  grad  level
courses,course_num,stat511,stat511  for  grad  students
courses,course_num,stat511,stat  statistical  methods  graduate  level
courses,course_num,stat511,511    statistical  methods  for  grads
courses,course_num,stat511,  statistical  methods  511  for  graduates
courses,course_num,stat511,511
courses,course_num,stat511,  statistical  methods  for  graduate  students
courses,course_num,stat513,applications  of  statistics  for  graduate  students  not  majoring  in  mathematics    analysis  of  variance  including  the  one-way  classification  randomized  blocks  latin  squares  and  factorial  designs    introduction  to  multiple  regression  and  to  analysis  of  covariance    substantial  use  of  statistical  software          
courses,course_num,stat513,stat  513    applied  experimental  design  and  regression  models
courses,course_num,stat513,stat    applied  experimental  design  and  regression  models  513
courses,course_num,stat513,stat  513
courses,course_num,stat513,stat    applied  experimental  design  and  regression  models
courses,course_num,stat513,stat513    applied  experimental  design  and  regression  models
courses,course_num,stat513,stat  applied  experimental  design  and  regression  models  513
courses,course_num,stat513,stat513
courses,course_num,stat513,stat  applied  experimental  design  and  regression  models
courses,course_num,stat513,513    applied  experimental  design  and  regression  models
courses,course_num,stat513,  applied  experimental  design  and  regression  models  513
courses,course_num,stat513,513
courses,course_num,stat513,  applied  experimental  design  and  regression  models
courses,course_num,stat513,graduate  stat  513    applied  experimental  design  and  regression  models
courses,course_num,stat513,grad  stat    applied  experimental  design  and  regression  models  513
courses,course_num,stat513,grad  level  stat  513
courses,course_num,stat513,graduate  level  stat    applied  experimental  design  and  regression  models
courses,course_num,stat513,masters  level  stat  513    applied  experimental  design  and  regression  models
courses,course_num,stat513,stat  applied  experimental  design  and  regression  models  513  grad  level
courses,course_num,stat513,stat513  for  grad  students
courses,course_num,stat513,stat  applied  experimental  design  and  regression  models  graduate  level
courses,course_num,stat513,513    applied  experimental  design  and  regression  models  for  grads
courses,course_num,stat513,  applied  experimental  design  and  regression  models  513  for  graduates
courses,course_num,stat513,513
courses,course_num,stat513,  applied  experimental  design  and  regression  models  for  graduate  students
courses,course_num,stat523,principles  construction  and  analysis  of  experimental  designs    completely  randomized  randomized  complete  block  latin  squares  graeco-latin  squares  factorial  and  nested  designs    fixed  and  random  effects  expected  mean  squares  multiple  comparisons  and  analysis  of  covariance    
courses,course_num,stat523,stat  523    design  and  analysis  of  experiments  i
courses,course_num,stat523,stat    design  and  analysis  of  experiments  i  523
courses,course_num,stat523,stat  523
courses,course_num,stat523,stat    design  and  analysis  of  experiments  i
courses,course_num,stat523,stat523    design  and  analysis  of  experiments  i
courses,course_num,stat523,stat  design  and  analysis  of  experiments  i  523
courses,course_num,stat523,stat523
courses,course_num,stat523,stat  design  and  analysis  of  experiments  i
courses,course_num,stat523,523    design  and  analysis  of  experiments  i
courses,course_num,stat523,  design  and  analysis  of  experiments  i  523
courses,course_num,stat523,523
courses,course_num,stat523,  design  and  analysis  of  experiments  i
courses,course_num,stat523,stat  523    design  and  analysis  of  experiments  1
courses,course_num,stat523,stat    design  and  analysis  of  experiments  1  523
courses,course_num,stat523,stat    design  and  analysis  of  experiments  1
courses,course_num,stat523,stat523    design  and  analysis  of  experiments  1
courses,course_num,stat523,stat  design  and  analysis  of  experiments  1  523
courses,course_num,stat523,stat  design  and  analysis  of  experiments  1
courses,course_num,stat523,523    design  and  analysis  of  experiments  1
courses,course_num,stat523,  design  and  analysis  of  experiments  1  523
courses,course_num,stat523,  design  and  analysis  of  experiments  1
courses,course_num,stat523,graduate  stat  523    design  and  analysis  of  experiments  1
courses,course_num,stat523,grad  stat    design  and  analysis  of  experiments  1  523
courses,course_num,stat523,grad  level  stat  523
courses,course_num,stat523,graduate  level  stat    design  and  analysis  of  experiments  1
courses,course_num,stat523,masters  level  stat  523    design  and  analysis  of  experiments  1
courses,course_num,stat523,stat  design  and  analysis  of  experiments  1  523  grad  level
courses,course_num,stat523,stat523  for  grad  students
courses,course_num,stat523,stat  design  and  analysis  of  experiments  1  graduate  level
courses,course_num,stat523,523    design  and  analysis  of  experiments  1  for  grads
courses,course_num,stat523,  design  and  analysis  of  experiments  1  523  for  graduates
courses,course_num,stat523,523
courses,course_num,stat523,  design  and  analysis  of  experiments  1  for  graduate  students
courses,course_num,stat524,linear  regression  including  indicator  variables  influence  diagnostics  assumption  analysis  selection  of  'best  subset'  nonstandard  regression  models  logistic  regression  nonlinear  regression  models    
courses,course_num,stat524,stat  524    applied  regression  analysis
courses,course_num,stat524,stat    applied  regression  analysis  524
courses,course_num,stat524,stat  524
courses,course_num,stat524,stat    applied  regression  analysis
courses,course_num,stat524,stat524    applied  regression  analysis
courses,course_num,stat524,stat  applied  regression  analysis  524
courses,course_num,stat524,stat524
courses,course_num,stat524,stat  applied  regression  analysis
courses,course_num,stat524,524    applied  regression  analysis
courses,course_num,stat524,  applied  regression  analysis  524
courses,course_num,stat524,524
courses,course_num,stat524,  applied  regression  analysis
courses,course_num,stat524,graduate  stat  524    applied  regression  analysis
courses,course_num,stat524,grad  stat    applied  regression  analysis  524
courses,course_num,stat524,grad  level  stat  524
courses,course_num,stat524,graduate  level  stat    applied  regression  analysis
courses,course_num,stat524,masters  level  stat  524    applied  regression  analysis
courses,course_num,stat524,stat  applied  regression  analysis  524  grad  level
courses,course_num,stat524,stat524  for  grad  students
courses,course_num,stat524,stat  applied  regression  analysis  graduate  level
courses,course_num,stat524,524    applied  regression  analysis  for  grads
courses,course_num,stat524,  applied  regression  analysis  524  for  graduates
courses,course_num,stat524,524
courses,course_num,stat524,  applied  regression  analysis  for  graduate  students
courses,course_num,stat530,techniques  available  to  the  statistician  for  efficient  use  of  computers  to  perform  statistical  computations  and  to  analyze  large  amounts  of  data    use  of  the  sas  software  system    includes  data  preparation  report  writing  basic  statistical  methods  and  a  research  project    
courses,course_num,stat530,stat  530    statistical  computing  with  sas
courses,course_num,stat530,stat    statistical  computing  with  sas  530
courses,course_num,stat530,stat  530
courses,course_num,stat530,stat    statistical  computing  with  sas
courses,course_num,stat530,stat530    statistical  computing  with  sas
courses,course_num,stat530,stat  statistical  computing  with  sas  530
courses,course_num,stat530,stat530
courses,course_num,stat530,stat  statistical  computing  with  sas
courses,course_num,stat530,530    statistical  computing  with  sas
courses,course_num,stat530,  statistical  computing  with  sas  530
courses,course_num,stat530,530
courses,course_num,stat530,  statistical  computing  with  sas
courses,course_num,stat530,graduate  stat  530    statistical  computing  with  sas
courses,course_num,stat530,grad  stat    statistical  computing  with  sas  530
courses,course_num,stat530,grad  level  stat  530
courses,course_num,stat530,graduate  level  stat    statistical  computing  with  sas
courses,course_num,stat530,masters  level  stat  530    statistical  computing  with  sas
courses,course_num,stat530,stat  statistical  computing  with  sas  530  grad  level
courses,course_num,stat530,stat530  for  grad  students
courses,course_num,stat530,stat  statistical  computing  with  sas  graduate  level
courses,course_num,stat530,530    statistical  computing  with  sas  for  grads
courses,course_num,stat530,  statistical  computing  with  sas  530  for  graduates
courses,course_num,stat530,530
courses,course_num,stat530,  statistical  computing  with  sas  for  graduate  students
courses,course_num,stat531,obtain  manage  and  clean  data;  use  of  regular  expressions;  functional  and  object-oriented  programming;  graphical  descriptive  and  inferential  statistical  methods;  random  number  generation;  monte  carlo  methods  including  resampling  randomization  and  simulation    
courses,course_num,stat531,stat  531    statistical  computing  with  r
courses,course_num,stat531,stat    statistical  computing  with  r  531
courses,course_num,stat531,stat  531
courses,course_num,stat531,stat    statistical  computing  with  r
courses,course_num,stat531,stat531    statistical  computing  with  r
courses,course_num,stat531,stat  statistical  computing  with  r  531
courses,course_num,stat531,stat531
courses,course_num,stat531,stat  statistical  computing  with  r
courses,course_num,stat531,531    statistical  computing  with  r
courses,course_num,stat531,  statistical  computing  with  r  531
courses,course_num,stat531,531
courses,course_num,stat531,  statistical  computing  with  r
courses,course_num,stat531,graduate  stat  531    statistical  computing  with  r
courses,course_num,stat531,grad  stat    statistical  computing  with  r  531
courses,course_num,stat531,grad  level  stat  531
courses,course_num,stat531,graduate  level  stat    statistical  computing  with  r
courses,course_num,stat531,masters  level  stat  531    statistical  computing  with  r
courses,course_num,stat531,stat  statistical  computing  with  r  531  grad  level
courses,course_num,stat531,stat531  for  grad  students
courses,course_num,stat531,stat  statistical  computing  with  r  graduate  level
courses,course_num,stat531,531    statistical  computing  with  r  for  grads
courses,course_num,stat531,  statistical  computing  with  r  531  for  graduates
courses,course_num,stat531,531
courses,course_num,stat531,  statistical  computing  with  r  for  graduate  students
courses,course_num,stat542,descriptive  and  graphical  methods    discrete  and  continuous  probability  distributions    one  and  two  sample  confidence  intervals  and  hypothesis  testing    single  factor  analysis  of  variance    quality  control    introduction  to  regression  and  to  experimental  design    substantial  use  of  statistical  software    
courses,course_num,stat542,stat  542    statistical  methods  for  engineers
courses,course_num,stat542,stat    statistical  methods  for  engineers  542
courses,course_num,stat542,stat  542
courses,course_num,stat542,stat    statistical  methods  for  engineers
courses,course_num,stat542,stat542    statistical  methods  for  engineers
courses,course_num,stat542,stat  statistical  methods  for  engineers  542
courses,course_num,stat542,stat542
courses,course_num,stat542,stat  statistical  methods  for  engineers
courses,course_num,stat542,542    statistical  methods  for  engineers
courses,course_num,stat542,  statistical  methods  for  engineers  542
courses,course_num,stat542,542
courses,course_num,stat542,  statistical  methods  for  engineers
courses,course_num,stat542,graduate  stat  542    statistical  methods  for  engineers
courses,course_num,stat542,grad  stat    statistical  methods  for  engineers  542
courses,course_num,stat542,grad  level  stat  542
courses,course_num,stat542,graduate  level  stat    statistical  methods  for  engineers
courses,course_num,stat542,masters  level  stat  542    statistical  methods  for  engineers
courses,course_num,stat542,stat  statistical  methods  for  engineers  542  grad  level
courses,course_num,stat542,stat542  for  grad  students
courses,course_num,stat542,stat  statistical  methods  for  engineers  graduate  level
courses,course_num,stat542,542    statistical  methods  for  engineers  for  grads
courses,course_num,stat542,  statistical  methods  for  engineers  542  for  graduates
courses,course_num,stat542,542
courses,course_num,stat542,  statistical  methods  for  engineers  for  graduate  students
courses,course_num,stat570,directed  group  study  of  selected  topics  for  graduate  students    open  to  undergraduate  and  graduate  students    the  class  schedule  will  list  topic  selected    
courses,course_num,stat570,stat  570    selected  advanced  topics
courses,course_num,stat570,stat    selected  advanced  topics  570
courses,course_num,stat570,stat  570
courses,course_num,stat570,stat    selected  advanced  topics
courses,course_num,stat570,stat570    selected  advanced  topics
courses,course_num,stat570,stat  selected  advanced  topics  570
courses,course_num,stat570,stat570
courses,course_num,stat570,stat  selected  advanced  topics
courses,course_num,stat570,570    selected  advanced  topics
courses,course_num,stat570,  selected  advanced  topics  570
courses,course_num,stat570,570
courses,course_num,stat570,  selected  advanced  topics
courses,course_num,stat570,graduate  stat  570    selected  advanced  topics
courses,course_num,stat570,grad  stat    selected  advanced  topics  570
courses,course_num,stat570,grad  level  stat  570
courses,course_num,stat570,graduate  level  stat    selected  advanced  topics
courses,course_num,stat570,masters  level  stat  570    selected  advanced  topics
courses,course_num,stat570,stat  selected  advanced  topics  570  grad  level
courses,course_num,stat570,stat570  for  grad  students
courses,course_num,stat570,stat  selected  advanced  topics  graduate  level
courses,course_num,stat570,570    selected  advanced  topics  for  grads
courses,course_num,stat570,  selected  advanced  topics  570  for  graduates
courses,course_num,stat570,570
courses,course_num,stat570,  selected  advanced  topics  for  graduate  students
courses,term,sp,this  quarter
courses,term,su,next  quarter
courses,term,sp,now
courses,term,su,next  summer
courses,term,f,next  fall
courses,term,w,next  winter
courses,term,sp,next  spring
courses,term,sp,today
courses,term,w,w
courses,term,w,winter
courses,term,w,w19
courses,term,w,w18
courses,term,w,winter18
courses,term,w,winter19
courses,term,w,winter20
courses,term,w,w20
courses,term,w,winter  quarter
courses,term,w,q
courses,term,f,f
courses,term,f,fall
courses,term,f,f19
courses,term,f,f18
courses,term,f,f20
courses,term,f,fall19
courses,term,f,fall20
courses,term,f,fall18
courses,term,f,fall  quarter
courses,term,sp,sp
courses,term,sp,s
courses,term,sp,spring
courses,term,sp,sp19
courses,term,sp,sp18
courses,term,sp,sp20
courses,term,sp,spring19
courses,term,sp,spring20
courses,term,sp,spring18
courses,term,sp,spring  quarter
courses,term,su,su
courses,term,su,summerq
courses,term,su,summer
courses,term,su,su19
courses,term,su,su18
courses,term,su,su20
courses,term,su,summer19
courses,term,su,summer20
courses,term,su,summer18
courses,term,su,summer  quarter
courses,course_area,ge  area  b1,b1
courses,course_area,ge  area  b1,areab1
courses,course_area,ge  area  b1,geb1
courses,course_area,ge  area  b1,ge  b1
courses,course_area,ge  area  b1,ge  area  b1
courses,course_area,ge  area  b1,area  b1
courses,course_area,ge  area  b1,b1
courses,course_area,ge  area  b6,b6
courses,course_area,ge  area  b6,areab6
courses,course_area,ge  area  b6,geb6
courses,course_area,ge  area  b6,ge  b6
courses,course_area,ge  area  b6,ge  area  b6
courses,course_area,ge  area  b6,area  b6
courses,course_area,cr/nc,credit  no  credit
courses,course_area,cr/nc,cr  no  cr
courses,course_area,cr/nc,credit
courses,course_area,cr/nc,no  credit  or  credit
courses,course_area,cr/nc,pass  or  fail
courses,course_area,cr/nc,pass/fail
unknown,course_level,first_year,first  year
unknown,course_level,first_year,1st  year
unknown,course_level,first_year,freshman
unknown,course_level,second_year,second  year
unknown,course_level,second_year,2nd  year
unknown,course_level,second_year,sophomore
unknown,course_level,third_year,third  year
unknown,course_level,third_year,3rd  year
unknown,course_level,third_year,junior
unknown,course_level,fourth_year,fourth  year
unknown,course_level,fourth_year,4th  year
unknown,course_level,fourth_year,senior
unknown,course_level,graduate,fifth  year
unknown,course_level,graduate,graduate
unknown,course_level,graduate,grad
unknown,course_level,graduate,masters
unknown,course_level,graduate,sixth  year
unknown,course_level,graduate,5th  year
unknown,course_level,graduate,6th  year
