faculty,faculty_last_name,afriyie,afriyie
faculty,faculty_last_name,afriyie,afriyie    prince    kwame
faculty,faculty_last_name,afriyie,pafriyie
faculty,faculty_last_name,afriyie,dr.prince
faculty,faculty_last_name,afriyie,professor  prince
faculty,faculty_last_name,afriyie,mr.prince
faculty,faculty_last_name,afriyie,mrs.prince
faculty,faculty_last_name,afriyie,dr.afriyie
faculty,faculty_last_name,afriyie,professor  afriyie
faculty,faculty_last_name,afriyie,mr.afriyie
faculty,faculty_last_name,afriyie,mrs.afriyie
faculty,faculty_last_name,afriyie,dr.afriyie    prince    kwame
faculty,faculty_last_name,afriyie,professor  afriyie    prince    kwame
faculty,faculty_last_name,afriyie,mr.afriyie    prince    kwame
faculty,faculty_last_name,afriyie,mrs.afriyie    prince    kwame
faculty,faculty_last_name,afriyie,prince
faculty,faculty_last_name,bodwin,bodwin
faculty,faculty_last_name,bodwin,bodwin    kelly    n.
faculty,faculty_last_name,bodwin,kbodwin
faculty,faculty_last_name,bodwin,dr.kelly
faculty,faculty_last_name,bodwin,professor  kelly
faculty,faculty_last_name,bodwin,mr.kelly
faculty,faculty_last_name,bodwin,mrs.kelly
faculty,faculty_last_name,bodwin,dr.bodwin
faculty,faculty_last_name,bodwin,professor  bodwin
faculty,faculty_last_name,bodwin,mr.bodwin
faculty,faculty_last_name,bodwin,mrs.bodwin
faculty,faculty_last_name,bodwin,dr.bodwin    kelly    n.
faculty,faculty_last_name,bodwin,professor  bodwin    kelly    n.
faculty,faculty_last_name,bodwin,mr.bodwin    kelly    n.
faculty,faculty_last_name,bodwin,mrs.bodwin    kelly    n.
faculty,faculty_last_name,bodwin,kelly
faculty,faculty_last_name,carlton,carlton
faculty,faculty_last_name,carlton,carlton    matthew    a.
faculty,faculty_last_name,carlton,mcarlton
faculty,faculty_last_name,carlton,dr.matthew
faculty,faculty_last_name,carlton,professor  matthew
faculty,faculty_last_name,carlton,mr.matthew
faculty,faculty_last_name,carlton,mrs.matthew
faculty,faculty_last_name,carlton,dr.carlton
faculty,faculty_last_name,carlton,professor  carlton
faculty,faculty_last_name,carlton,mr.carlton
faculty,faculty_last_name,carlton,mrs.carlton
faculty,faculty_last_name,carlton,dr.carlton    matthew    a.
faculty,faculty_last_name,carlton,professor  carlton    matthew    a.
faculty,faculty_last_name,carlton,mr.carlton    matthew    a.
faculty,faculty_last_name,carlton,mrs.carlton    matthew    a.
faculty,faculty_last_name,carlton,matthew
faculty,faculty_last_name,chance,chance
faculty,faculty_last_name,chance,chance    beth    l.
faculty,faculty_last_name,chance,bchance
faculty,faculty_last_name,chance,dr.beth
faculty,faculty_last_name,chance,professor  beth
faculty,faculty_last_name,chance,mr.beth
faculty,faculty_last_name,chance,mrs.beth
faculty,faculty_last_name,chance,dr.chance
faculty,faculty_last_name,chance,professor  chance
faculty,faculty_last_name,chance,mr.chance
faculty,faculty_last_name,chance,mrs.chance
faculty,faculty_last_name,chance,dr.chance    beth    l.
faculty,faculty_last_name,chance,professor  chance    beth    l.
faculty,faculty_last_name,chance,mr.chance    beth    l.
faculty,faculty_last_name,chance,mrs.chance    beth    l.
faculty,faculty_last_name,chance,beth
faculty,faculty_last_name,doi,doi
faculty,faculty_last_name,doi,doi    jimmy    a.
faculty,faculty_last_name,doi,jdoi
faculty,faculty_last_name,doi,dr.jimmy
faculty,faculty_last_name,doi,professor  jimmy
faculty,faculty_last_name,doi,mr.jimmy
faculty,faculty_last_name,doi,mrs.jimmy
faculty,faculty_last_name,doi,dr.doi
faculty,faculty_last_name,doi,professor  doi
faculty,faculty_last_name,doi,mr.doi
faculty,faculty_last_name,doi,mrs.doi
faculty,faculty_last_name,doi,dr.doi    jimmy    a.
faculty,faculty_last_name,doi,professor  doi    jimmy    a.
faculty,faculty_last_name,doi,mr.doi    jimmy    a.
faculty,faculty_last_name,doi,mrs.doi    jimmy    a.
faculty,faculty_last_name,doi,jimmy
faculty,faculty_last_name,frame,frame
faculty,faculty_last_name,frame,frame    samuel    joseph
faculty,faculty_last_name,frame,sframe
faculty,faculty_last_name,frame,dr.samuel
faculty,faculty_last_name,frame,professor  samuel
faculty,faculty_last_name,frame,mr.samuel
faculty,faculty_last_name,frame,mrs.samuel
faculty,faculty_last_name,frame,dr.frame
faculty,faculty_last_name,frame,professor  frame
faculty,faculty_last_name,frame,mr.frame
faculty,faculty_last_name,frame,mrs.frame
faculty,faculty_last_name,frame,dr.frame    samuel    joseph
faculty,faculty_last_name,frame,professor  frame    samuel    joseph
faculty,faculty_last_name,frame,mr.frame    samuel    joseph
faculty,faculty_last_name,frame,mrs.frame    samuel    joseph
faculty,faculty_last_name,frame,samuel
faculty,faculty_last_name,glanz,glanz
faculty,faculty_last_name,glanz,glanz    hunter    s.
faculty,faculty_last_name,glanz,hglanz
faculty,faculty_last_name,glanz,dr.hunter
faculty,faculty_last_name,glanz,professor  hunter
faculty,faculty_last_name,glanz,mr.hunter
faculty,faculty_last_name,glanz,mrs.hunter
faculty,faculty_last_name,glanz,dr.glanz
faculty,faculty_last_name,glanz,professor  glanz
faculty,faculty_last_name,glanz,mr.glanz
faculty,faculty_last_name,glanz,mrs.glanz
faculty,faculty_last_name,glanz,dr.glanz    hunter    s.
faculty,faculty_last_name,glanz,professor  glanz    hunter    s.
faculty,faculty_last_name,glanz,mr.glanz    hunter    s.
faculty,faculty_last_name,glanz,mrs.glanz    hunter    s.
faculty,faculty_last_name,glanz,hunter
faculty,faculty_last_name,hughes,hughes
faculty,faculty_last_name,hughes,hughes    gary    b.
faculty,faculty_last_name,hughes,gbhughes
faculty,faculty_last_name,hughes,dr.gary
faculty,faculty_last_name,hughes,professor  gary
faculty,faculty_last_name,hughes,mr.gary
faculty,faculty_last_name,hughes,mrs.gary
faculty,faculty_last_name,hughes,dr.hughes
faculty,faculty_last_name,hughes,professor  hughes
faculty,faculty_last_name,hughes,mr.hughes
faculty,faculty_last_name,hughes,mrs.hughes
faculty,faculty_last_name,hughes,dr.hughes    gary    b.
faculty,faculty_last_name,hughes,professor  hughes    gary    b.
faculty,faculty_last_name,hughes,mr.hughes    gary    b.
faculty,faculty_last_name,hughes,mrs.hughes    gary    b.
faculty,faculty_last_name,hughes,gary
faculty,faculty_last_name,lund,lund
faculty,faculty_last_name,lund,lund    ulric    j.
faculty,faculty_last_name,lund,ulund
faculty,faculty_last_name,lund,dr.ulric
faculty,faculty_last_name,lund,professor  ulric
faculty,faculty_last_name,lund,mr.ulric
faculty,faculty_last_name,lund,mrs.ulric
faculty,faculty_last_name,lund,dr.lund
faculty,faculty_last_name,lund,professor  lund
faculty,faculty_last_name,lund,mr.lund
faculty,faculty_last_name,lund,mrs.lund
faculty,faculty_last_name,lund,dr.lund    ulric    j.
faculty,faculty_last_name,lund,professor  lund    ulric    j.
faculty,faculty_last_name,lund,mr.lund    ulric    j.
faculty,faculty_last_name,lund,mrs.lund    ulric    j.
faculty,faculty_last_name,lund,ulric
faculty,faculty_last_name,mcgaughey,mcgaughey
faculty,faculty_last_name,mcgaughey,mcgaughey    karen    j.
faculty,faculty_last_name,mcgaughey,kmcgaugh
faculty,faculty_last_name,mcgaughey,dr.karen
faculty,faculty_last_name,mcgaughey,professor  karen
faculty,faculty_last_name,mcgaughey,mr.karen
faculty,faculty_last_name,mcgaughey,mrs.karen
faculty,faculty_last_name,mcgaughey,dr.mcgaughey
faculty,faculty_last_name,mcgaughey,professor  mcgaughey
faculty,faculty_last_name,mcgaughey,mr.mcgaughey
faculty,faculty_last_name,mcgaughey,mrs.mcgaughey
faculty,faculty_last_name,mcgaughey,dr.mcgaughey    karen    j.
faculty,faculty_last_name,mcgaughey,professor  mcgaughey    karen    j.
faculty,faculty_last_name,mcgaughey,mr.mcgaughey    karen    j.
faculty,faculty_last_name,mcgaughey,mrs.mcgaughey    karen    j.
faculty,faculty_last_name,mcgaughey,karen
faculty,faculty_last_name,pileggi,pileggi
faculty,faculty_last_name,pileggi,pileggi    shannon    mcclintock
faculty,faculty_last_name,pileggi,spileggi
faculty,faculty_last_name,pileggi,dr.shannon
faculty,faculty_last_name,pileggi,professor  shannon
faculty,faculty_last_name,pileggi,mr.shannon
faculty,faculty_last_name,pileggi,mrs.shannon
faculty,faculty_last_name,pileggi,dr.pileggi
faculty,faculty_last_name,pileggi,professor  pileggi
faculty,faculty_last_name,pileggi,mr.pileggi
faculty,faculty_last_name,pileggi,mrs.pileggi
faculty,faculty_last_name,pileggi,dr.pileggi    shannon    mcclintock
faculty,faculty_last_name,pileggi,professor  pileggi    shannon    mcclintock
faculty,faculty_last_name,pileggi,mr.pileggi    shannon    mcclintock
faculty,faculty_last_name,pileggi,mrs.pileggi    shannon    mcclintock
faculty,faculty_last_name,pileggi,shannon
faculty,faculty_last_name,roy,roy
faculty,faculty_last_name,roy,roy    soma
faculty,faculty_last_name,roy,soroy
faculty,faculty_last_name,roy,dr.soma
faculty,faculty_last_name,roy,professor  soma
faculty,faculty_last_name,roy,mr.soma
faculty,faculty_last_name,roy,mrs.soma
faculty,faculty_last_name,roy,dr.roy
faculty,faculty_last_name,roy,professor  roy
faculty,faculty_last_name,roy,mr.roy
faculty,faculty_last_name,roy,mrs.roy
faculty,faculty_last_name,roy,dr.roy    soma
faculty,faculty_last_name,roy,professor  roy    soma
faculty,faculty_last_name,roy,mr.roy    soma
faculty,faculty_last_name,roy,mrs.roy    soma
faculty,faculty_last_name,roy,soma
faculty,faculty_last_name,sabbag,sabbag
faculty,faculty_last_name,sabbag,sabbag    anelise    guimaraes
faculty,faculty_last_name,sabbag,asabbag
faculty,faculty_last_name,sabbag,dr.anelise
faculty,faculty_last_name,sabbag,professor  anelise
faculty,faculty_last_name,sabbag,mr.anelise
faculty,faculty_last_name,sabbag,mrs.anelise
faculty,faculty_last_name,sabbag,dr.sabbag
faculty,faculty_last_name,sabbag,professor  sabbag
faculty,faculty_last_name,sabbag,mr.sabbag
faculty,faculty_last_name,sabbag,mrs.sabbag
faculty,faculty_last_name,sabbag,dr.sabbag    anelise    guimaraes
faculty,faculty_last_name,sabbag,professor  sabbag    anelise    guimaraes
faculty,faculty_last_name,sabbag,mr.sabbag    anelise    guimaraes
faculty,faculty_last_name,sabbag,mrs.sabbag    anelise    guimaraes
faculty,faculty_last_name,sabbag,anelise
faculty,faculty_last_name,schaffner,schaffner
faculty,faculty_last_name,schaffner,schaffner    andrew    a.
faculty,faculty_last_name,schaffner,aschaffn
faculty,faculty_last_name,schaffner,dr.andrew
faculty,faculty_last_name,schaffner,professor  andrew
faculty,faculty_last_name,schaffner,mr.andrew
faculty,faculty_last_name,schaffner,mrs.andrew
faculty,faculty_last_name,schaffner,dr.schaffner
faculty,faculty_last_name,schaffner,professor  schaffner
faculty,faculty_last_name,schaffner,mr.schaffner
faculty,faculty_last_name,schaffner,mrs.schaffner
faculty,faculty_last_name,schaffner,dr.schaffner    andrew    a.
faculty,faculty_last_name,schaffner,professor  schaffner    andrew    a.
faculty,faculty_last_name,schaffner,mr.schaffner    andrew    a.
faculty,faculty_last_name,schaffner,mrs.schaffner    andrew    a.
faculty,faculty_last_name,schaffner,andrew
faculty,faculty_last_name,sklar,sklar
faculty,faculty_last_name,sklar,sklar    jeffrey    c.
faculty,faculty_last_name,sklar,jsklar
faculty,faculty_last_name,sklar,dr.jeffrey
faculty,faculty_last_name,sklar,professor  jeffrey
faculty,faculty_last_name,sklar,mr.jeffrey
faculty,faculty_last_name,sklar,mrs.jeffrey
faculty,faculty_last_name,sklar,dr.sklar
faculty,faculty_last_name,sklar,professor  sklar
faculty,faculty_last_name,sklar,mr.sklar
faculty,faculty_last_name,sklar,mrs.sklar
faculty,faculty_last_name,sklar,dr.sklar    jeffrey    c.
faculty,faculty_last_name,sklar,professor  sklar    jeffrey    c.
faculty,faculty_last_name,sklar,mr.sklar    jeffrey    c.
faculty,faculty_last_name,sklar,mrs.sklar    jeffrey    c.
faculty,faculty_last_name,sklar,jeffrey
faculty,faculty_last_name,sun,sun
faculty,faculty_last_name,sun,sun    dennis    liu
faculty,faculty_last_name,sun,dsun09
faculty,faculty_last_name,sun,dr.dennis
faculty,faculty_last_name,sun,professor  dennis
faculty,faculty_last_name,sun,mr.dennis
faculty,faculty_last_name,sun,mrs.dennis
faculty,faculty_last_name,sun,dr.sun
faculty,faculty_last_name,sun,professor  sun
faculty,faculty_last_name,sun,mr.sun
faculty,faculty_last_name,sun,mrs.sun
faculty,faculty_last_name,sun,dr.sun    dennis    liu
faculty,faculty_last_name,sun,professor  sun    dennis    liu
faculty,faculty_last_name,sun,mr.sun    dennis    liu
faculty,faculty_last_name,sun,mrs.sun    dennis    liu
faculty,faculty_last_name,sun,dennis
faculty,faculty_last_name,walker,walker
faculty,faculty_last_name,walker,walker    john    h.
faculty,faculty_last_name,walker,jwalker
faculty,faculty_last_name,walker,dr.john
faculty,faculty_last_name,walker,professor  john
faculty,faculty_last_name,walker,mr.john
faculty,faculty_last_name,walker,mrs.john
faculty,faculty_last_name,walker,dr.walker
faculty,faculty_last_name,walker,professor  walker
faculty,faculty_last_name,walker,mr.walker
faculty,faculty_last_name,walker,mrs.walker
faculty,faculty_last_name,walker,dr.walker    john    h.
faculty,faculty_last_name,walker,professor  walker    john    h.
faculty,faculty_last_name,walker,mr.walker    john    h.
faculty,faculty_last_name,walker,mrs.walker    john    h.
faculty,faculty_last_name,walker,john
faculty,faculty_last_name,clancy,clancy
faculty,faculty_last_name,clancy,clancy    kevin    j.
faculty,faculty_last_name,clancy,clancy
faculty,faculty_last_name,clancy,dr.kevin
faculty,faculty_last_name,clancy,professor  kevin
faculty,faculty_last_name,clancy,mr.kevin
faculty,faculty_last_name,clancy,mrs.kevin
faculty,faculty_last_name,clancy,dr.clancy
faculty,faculty_last_name,clancy,professor  clancy
faculty,faculty_last_name,clancy,mr.clancy
faculty,faculty_last_name,clancy,mrs.clancy
faculty,faculty_last_name,clancy,dr.clancy    kevin    j.
faculty,faculty_last_name,clancy,professor  clancy    kevin    j.
faculty,faculty_last_name,clancy,mr.clancy    kevin    j.
faculty,faculty_last_name,clancy,mrs.clancy    kevin    j.
faculty,faculty_last_name,clancy,kevin
faculty,faculty_last_name,dekhtyar,dekhtyar
faculty,faculty_last_name,dekhtyar,dekhtyar    olga    vladimirovna
faculty,faculty_last_name,dekhtyar,odekhtya
faculty,faculty_last_name,dekhtyar,dr.olga
faculty,faculty_last_name,dekhtyar,professor  olga
faculty,faculty_last_name,dekhtyar,mr.olga
faculty,faculty_last_name,dekhtyar,mrs.olga
faculty,faculty_last_name,dekhtyar,dr.dekhtyar
faculty,faculty_last_name,dekhtyar,professor  dekhtyar
faculty,faculty_last_name,dekhtyar,mr.dekhtyar
faculty,faculty_last_name,dekhtyar,mrs.dekhtyar
faculty,faculty_last_name,dekhtyar,dr.dekhtyar    olga    vladimirovna
faculty,faculty_last_name,dekhtyar,professor  dekhtyar    olga    vladimirovna
faculty,faculty_last_name,dekhtyar,mr.dekhtyar    olga    vladimirovna
faculty,faculty_last_name,dekhtyar,mrs.dekhtyar    olga    vladimirovna
faculty,faculty_last_name,dekhtyar,olga
faculty,faculty_last_name,grant-ghanotakis,grant-ghanotakis
faculty,faculty_last_name,grant-ghanotakis,grant-ghanotakis    billie-jo    elizabeth
faculty,faculty_last_name,grant-ghanotakis,bgrant02
faculty,faculty_last_name,grant-ghanotakis,dr.billie-jo
faculty,faculty_last_name,grant-ghanotakis,professor  billie-jo
faculty,faculty_last_name,grant-ghanotakis,mr.billie-jo
faculty,faculty_last_name,grant-ghanotakis,mrs.billie-jo
faculty,faculty_last_name,grant-ghanotakis,dr.grant-ghanotakis
faculty,faculty_last_name,grant-ghanotakis,professor  grant-ghanotakis
faculty,faculty_last_name,grant-ghanotakis,mr.grant-ghanotakis
faculty,faculty_last_name,grant-ghanotakis,mrs.grant-ghanotakis
faculty,faculty_last_name,grant-ghanotakis,dr.grant-ghanotakis    billie-jo    elizabeth
faculty,faculty_last_name,grant-ghanotakis,professor  grant-ghanotakis    billie-jo    elizabeth
faculty,faculty_last_name,grant-ghanotakis,mr.grant-ghanotakis    billie-jo    elizabeth
faculty,faculty_last_name,grant-ghanotakis,mrs.grant-ghanotakis    billie-jo    elizabeth
faculty,faculty_last_name,grant-ghanotakis,billie-jo
faculty,faculty_last_name,olenowski,olenowski
faculty,faculty_last_name,olenowski,olenowski    jay    m.
faculty,faculty_last_name,olenowski,jolenows
faculty,faculty_last_name,olenowski,dr.jay
faculty,faculty_last_name,olenowski,professor  jay
faculty,faculty_last_name,olenowski,mr.jay
faculty,faculty_last_name,olenowski,mrs.jay
faculty,faculty_last_name,olenowski,dr.olenowski
faculty,faculty_last_name,olenowski,professor  olenowski
faculty,faculty_last_name,olenowski,mr.olenowski
faculty,faculty_last_name,olenowski,mrs.olenowski
faculty,faculty_last_name,olenowski,dr.olenowski    jay    m.
faculty,faculty_last_name,olenowski,professor  olenowski    jay    m.
faculty,faculty_last_name,olenowski,mr.olenowski    jay    m.
faculty,faculty_last_name,olenowski,mrs.olenowski    jay    m.
faculty,faculty_last_name,olenowski,jay
faculty,faculty_last_name,ottesen,ottesen
faculty,faculty_last_name,ottesen,ottesen    rebecca    a.
faculty,faculty_last_name,ottesen,rottesen
faculty,faculty_last_name,ottesen,dr.rebecca
faculty,faculty_last_name,ottesen,professor  rebecca
faculty,faculty_last_name,ottesen,mr.rebecca
faculty,faculty_last_name,ottesen,mrs.rebecca
faculty,faculty_last_name,ottesen,dr.ottesen
faculty,faculty_last_name,ottesen,professor  ottesen
faculty,faculty_last_name,ottesen,mr.ottesen
faculty,faculty_last_name,ottesen,mrs.ottesen
faculty,faculty_last_name,ottesen,dr.ottesen    rebecca    a.
faculty,faculty_last_name,ottesen,professor  ottesen    rebecca    a.
faculty,faculty_last_name,ottesen,mr.ottesen    rebecca    a.
faculty,faculty_last_name,ottesen,mrs.ottesen    rebecca    a.
faculty,faculty_last_name,ottesen,rebecca
faculty,faculty_last_name,schroth-glanz,schroth-glanz
faculty,faculty_last_name,schroth-glanz,schroth-glanz    madeline    louise
faculty,faculty_last_name,schroth-glanz,mschroth
faculty,faculty_last_name,schroth-glanz,dr.madeline
faculty,faculty_last_name,schroth-glanz,professor  madeline
faculty,faculty_last_name,schroth-glanz,mr.madeline
faculty,faculty_last_name,schroth-glanz,mrs.madeline
faculty,faculty_last_name,schroth-glanz,dr.schroth-glanz
faculty,faculty_last_name,schroth-glanz,professor  schroth-glanz
faculty,faculty_last_name,schroth-glanz,mr.schroth-glanz
faculty,faculty_last_name,schroth-glanz,mrs.schroth-glanz
faculty,faculty_last_name,schroth-glanz,dr.schroth-glanz    madeline    louise
faculty,faculty_last_name,schroth-glanz,professor  schroth-glanz    madeline    louise
faculty,faculty_last_name,schroth-glanz,mr.schroth-glanz    madeline    louise
faculty,faculty_last_name,schroth-glanz,mrs.schroth-glanz    madeline    louise
faculty,faculty_last_name,schroth-glanz,madeline
faculty,faculty_last_name,smith,smith
faculty,faculty_last_name,smith,smith    heather    s.
faculty,faculty_last_name,smith,hsmith
faculty,faculty_last_name,smith,dr.heather
faculty,faculty_last_name,smith,professor  heather
faculty,faculty_last_name,smith,mr.heather
faculty,faculty_last_name,smith,mrs.heather
faculty,faculty_last_name,smith,dr.smith
faculty,faculty_last_name,smith,professor  smith
faculty,faculty_last_name,smith,mr.smith
faculty,faculty_last_name,smith,mrs.smith
faculty,faculty_last_name,smith,dr.smith    heather    s.
faculty,faculty_last_name,smith,professor  smith    heather    s.
faculty,faculty_last_name,smith,mr.smith    heather    s.
faculty,faculty_last_name,smith,mrs.smith    heather    s.
faculty,faculty_last_name,smith,heather
faculty,faculty_last_name,williams,williams
faculty,faculty_last_name,williams,williams    immanuel    james
faculty,faculty_last_name,williams,imwillia
faculty,faculty_last_name,williams,dr.immanuel
faculty,faculty_last_name,williams,professor  immanuel
faculty,faculty_last_name,williams,mr.immanuel
faculty,faculty_last_name,williams,mrs.immanuel
faculty,faculty_last_name,williams,dr.williams
faculty,faculty_last_name,williams,professor  williams
faculty,faculty_last_name,williams,mr.williams
faculty,faculty_last_name,williams,mrs.williams
faculty,faculty_last_name,williams,dr.williams    immanuel    james
faculty,faculty_last_name,williams,professor  williams    immanuel    james
faculty,faculty_last_name,williams,mr.williams    immanuel    james
faculty,faculty_last_name,williams,mrs.williams    immanuel    james
faculty,faculty_last_name,williams,immanuel
faculty,faculty_last_name,zwarg,zwarg
faculty,faculty_last_name,zwarg,zwarg    noah    alexander
faculty,faculty_last_name,zwarg,nazwarg
faculty,faculty_last_name,zwarg,dr.noah
faculty,faculty_last_name,zwarg,professor  noah
faculty,faculty_last_name,zwarg,mr.noah
faculty,faculty_last_name,zwarg,mrs.noah
faculty,faculty_last_name,zwarg,dr.zwarg
faculty,faculty_last_name,zwarg,professor  zwarg
faculty,faculty_last_name,zwarg,mr.zwarg
faculty,faculty_last_name,zwarg,mrs.zwarg
faculty,faculty_last_name,zwarg,dr.zwarg    noah    alexander
faculty,faculty_last_name,zwarg,professor  zwarg    noah    alexander
faculty,faculty_last_name,zwarg,mr.zwarg    noah    alexander
faculty,faculty_last_name,zwarg,mrs.zwarg    noah    alexander
faculty,faculty_last_name,zwarg,noah
